{
	"class_name" : "PinholeCameraParameters",
	"extrinsic" : 
	[
		0.99579431436855814,
		0.037895149741731901,
		-0.083412475669441793,
		0.0,
		0.028180204006235741,
		-0.99299934212684715,
		-0.11470912185966717,
		0.0,
		-0.087175452814542004,
		0.11187611077303661,
		-0.98989099211220166,
		0.0,
		-0.16021054453176709,
		0.29272191050250729,
		1.183790583079789,
		1.0
	],
	"intrinsic" : 
	{
		"height" : 1716,
		"intrinsic_matrix" : 
		[
			1906.6666666666663,
			0.0,
			0.0,
			0.0,
			1906.6666666666663,
			0.0,
			1486.5,
			857.5,
			1.0
		],
		"width" : 2974
	},
	"version_major" : 1,
	"version_minor" : 0
}